[{
    "BookId": "1",
    "BookTitle": "Android For Expert",
    "BookAuthor": "George R.R",
    "BookYearOfPublish": 1999,
    "category": "A"
},
{
    "BookId": "2",
    "BookTitle": "Android For romace",
    "BookAuthor": "George R.R",
    "BookYearOfPublish": 1993,
    "category": "D"
},
{
    "BookId": "3",
    "BookTitle": "Android For beginner",
    "BookAuthor": "George R.R",
    "BookYearOfPublish": 1992,
    "category": "B"
},
{
    "BookId": "4",
    "BookTitle": "Android For users",
    "BookAuthor": "George R.R",
    "BookYearOfPublish": 1989,
    "category": "C"
},
{
    "BookId": "5",
    "BookTitle": "OS For Expert",
    "BookAuthor": "George R.R",
    "BookYearOfPublish": 1990,
    "category": "A"
},
{
    "BookId": "6",
    "BookTitle": "Java For Expert",
    "BookAuthor": "George R.R",
    "BookYearOfPublish": 1979,
    "category": "B"
},
{
    "BookId": "7",
    "BookTitle": "DBMS For Expert",
    "BookAuthor": "George R.R",
    "BookYearOfPublish": 1996,
    "category": "C"
},
{
    "BookId": "8",
    "BookTitle": "hello For Expert",
    "BookAuthor": "George R.R",
    "BookYearOfPublish": 1994,
    "category": "A"
},
{
    "BookId": "9",
    "BookTitle": "Ds For Expert",
    "BookAuthor": "George R.R",
    "BookYearOfPublish": 1993,
    "category": "B"
},
{
    "BookId": "10",
    "BookTitle": "Android For Expert",
    "BookAuthor": "George R.R",
    "BookYearOfPublish": 1999,
    "category": "A"
}
]